{
  "noFriendlyFire": true,
  "mobXray": true,
  "monsterRangeMultiplier": 1.5,
  "monsterGearScales": true,
  "monsterAngerOnShove": true,
  "buffGolems": true,
  "mobsBreakBlocks": false,
  "blockBreakingHardnessCutoff": 3.0,
  "sleepApplyGlowing": true,
  "sleepExtendToSeaLevel": true,
  "sleepHorizontalSearchDistance": 50,
  "sleepMinVerticalSearchDistance": 20,
  "creepersBreachWalls": false,
  "creepersRunFromShields": true,
  "slimeNaturalSpawn": true,
  "endermiteFlowerSpawn": false,
  "blazeNaturalSpawn": false
}
